{"cameraMode":{"drawMode":0,"name":"Shaded","section":"Shading Mode"},"sceneLighting":true,"audioPlay":false,"sceneViewState":{"m_AlwaysRefresh":false,"showFog":true,"showSkybox":true,"showFlares":true,"showImageEffects":true,"showParticleSystems":true,"showVisualEffectGraphs":true,"m_FxEnabled":true},"in2DMode":false,"pivot":{"x":-0.06656646728515625,"y":12.469779014587403,"z":10.238040924072266},"rotation":{"x":0.05945800989866257,"y":-0.855063259601593,"z":0.10081736743450165,"w":0.5052313804626465},"size":26.381450653076173,"orthographic":false}