{"cameraMode":{"drawMode":0,"name":"Shaded","section":"Shading Mode"},"sceneLighting":true,"audioPlay":false,"sceneViewState":{"m_AlwaysRefresh":false,"showFog":true,"showSkybox":true,"showFlares":true,"showImageEffects":true,"showParticleSystems":true,"showVisualEffectGraphs":true,"m_FxEnabled":true},"in2DMode":false,"pivot":{"x":4.269269943237305,"y":2.7464218139648439,"z":15.535131454467774},"rotation":{"x":0.2275453805923462,"y":0.4097627103328705,"z":-0.10619491338729859,"w":0.8770108222961426},"size":18.603342056274415,"orthographic":false}