{"cameraMode":{"drawMode":0,"name":"Shaded","section":"Shading Mode"},"sceneLighting":true,"audioPlay":false,"sceneViewState":{"m_AlwaysRefresh":false,"showFog":true,"showSkybox":true,"showFlares":true,"showImageEffects":true,"showParticleSystems":true,"showVisualEffectGraphs":true,"m_FxEnabled":true},"in2DMode":false,"pivot":{"x":2.1162166595458986,"y":-1.434281349182129,"z":1.9789676666259766},"rotation":{"x":0.05669674277305603,"y":-0.8707618117332459,"z":0.10342689603567124,"w":0.4774762988090515},"size":15.485635757446289,"orthographic":false}