{"cameraMode":{"drawMode":0,"name":"Shaded","section":"Shading Mode"},"sceneLighting":true,"audioPlay":false,"sceneViewState":{"m_AlwaysRefresh":false,"showFog":true,"showSkybox":true,"showFlares":true,"showImageEffects":true,"showParticleSystems":true,"showVisualEffectGraphs":true,"m_FxEnabled":true},"in2DMode":false,"pivot":{"x":-3.719468116760254,"y":-6.892173767089844,"z":14.279436111450196},"rotation":{"x":0.40257972478866579,"y":-0.14226508140563966,"z":0.06338269263505936,"w":0.9021389484405518},"size":31.787321090698243,"orthographic":false}