{"cameraMode":{"drawMode":0,"name":"Shaded","section":"Shading Mode"},"sceneLighting":false,"audioPlay":false,"sceneViewState":{"m_AlwaysRefresh":false,"showFog":true,"showSkybox":false,"showFlares":true,"showImageEffects":true,"showParticleSystems":true,"showVisualEffectGraphs":true,"m_FxEnabled":true},"in2DMode":false,"pivot":{"x":-2.980232238769531e-7,"y":0.7994250059127808,"z":-0.015208229422569275},"rotation":{"x":0.042566653341054919,"y":0.907223105430603,"z":-0.09447938948869705,"w":0.40777313709259035},"size":1.1238001585006714,"orthographic":false}